Tau,Average Total Infections,Infections Std Dev,Infections Conf Interval Lower,Infections Conf Interval Upper,"Upper Confidence Bound, Total Infections",Average Total Detected Cases,Detected Cases Std Dev,Detected Cases Conf Interval Lower,Detected Cases Conf Interval Upper,"Upper Confidence Bound, Total Detected Cases",Average Percent Detected Cases,Percent Detected Cases Std Dev,Percent Detected Conf Interval Lower,Percent Detected Conf Interval Upper,"Upper Confidence Bound, Percent Detected Cases"
1.0,30.95026678645172,27.172168568831605,19.041757672988016,42.85877589991543,40.94420267576966,18.903585063529345,16.99783346792638,11.454092975727107,26.353077151331583,25.15539590098374,0.060795798516036115,0.0021773956984917865,0.05984153031129485,0.06175006672077739,0.061596645638755824
4.0,229.30316786257654,392.73698450881676,57.18175814254974,401.4245775826034,373.75200839595254,139.65896348648062,240.13855474303702,34.41553543960297,244.90239153335824,227.98203253325028,0.06037178816407865,0.0024099627208919714,0.05931559484067311,0.061427981487484185,0.061258173542824895
7.0,403.61358277100993,816.9850126464497,45.56069332208158,761.6664722199383,704.1010399365722,233.06062078173852,465.43644555192805,29.077852915683664,437.04338864779334,404.24835596801427,0.05962938504696175,0.002584792476334343,0.05849657061285184,0.06076219948107166,0.060580072888833464
10.0,730.040162373781,953.0622831350979,312.3498755031344,1147.7304492444275,1080.5769011714644,434.8445522290946,558.1878370627942,190.21244169848092,679.4766627597082,640.146291163599,0.060103279551786994,0.002299093637913258,0.059095675853523405,0.06111088325005059,0.060948887231668684
13.0,1021.965473944027,1241.38533762454,477.91435895943744,1566.0165889286166,1478.5475625885783,618.3036276571514,739.6476234072047,294.1447206569946,942.4625346573081,890.3463580815871,0.06148452306486453,0.002855869183004631,0.06023290620894374,0.06273613992078532,0.06253491304205487
