Tau,Average Total Infections,Infections Std Dev,Infections Conf Interval Lower,Infections Conf Interval Upper,"Upper Confidence Bound, Total Infections",Average Total Detected Cases,Detected Cases Std Dev,Detected Cases Conf Interval Lower,Detected Cases Conf Interval Upper,"Upper Confidence Bound, Total Detected Cases",Average Percent Detected Cases,Percent Detected Cases Std Dev,Percent Detected Conf Interval Lower,Percent Detected Conf Interval Upper,"Upper Confidence Bound, Percent Detected Cases"
1.0,119515.76603096019,32367.784333950534,105330.21975234558,133701.31230957477,131420.65174861424,67036.60878002728,18422.63326506222,58962.68212322579,75110.53543682877,73812.46162729102,0.05608531427143513,0.00293499417884149,0.05479901999432732,0.057371608548542945,0.05716480645788172
4.0,113461.05258357048,40240.48450788213,95825.20672612978,131096.89844101117,128261.52098594057,65415.804649519654,22267.666167355168,55656.74898865898,75174.86031038033,73605.8623373169,0.05811977473940429,0.002908387921588545,0.05684514095439777,0.0593944085244108,0.059189481132399496
7.0,113658.70383215854,43230.40030482577,94712.49367949429,132604.9139848228,129558.86461695368,66721.2354408116,25300.45645613561,55633.02525547201,77809.44562615117,76026.75476852315,0.05895870967739473,0.0033823800259128152,0.05747634351064044,0.06044107584414902,0.060202750580742315
10.0,126280.2350871221,27321.99431461631,114306.0631519889,138254.4070222553,136329.27695350436,71614.71712176368,16095.399538572281,64560.72687419142,78668.70736933594,77534.61235183975,0.05661499246158657,0.0035676218607417313,0.055051441972989626,0.058178542950183515,0.057927165395567276
13.0,116051.84671721677,28354.34086837918,103625.23727005372,128478.45616437984,126480.5861129931,67875.45237801837,15910.862885271788,60902.33739853633,74848.5673575004,73727.47494354642,0.05860081149368233,0.0023897369641006517,0.057553482336140695,0.05964814065122396,0.05947975782993281
