Tau,Average Total Infections,Infections Std Dev,Infections Conf Interval Lower,Infections Conf Interval Upper,"Upper Confidence Bound, Total Infections",Average Total Detected Cases,Detected Cases Std Dev,Detected Cases Conf Interval Lower,Detected Cases Conf Interval Upper,"Upper Confidence Bound, Total Detected Cases",Average Percent Detected Cases,Percent Detected Cases Std Dev,Percent Detected Conf Interval Lower,Percent Detected Conf Interval Upper,"Upper Confidence Bound, Percent Detected Cases"
1,6.4142922609664055,7.821020980350586,-0.4410089186332357,13.269593440566048,12.167442368852349,5.567328737713083,6.734735105751451,-0.33581838729047037,11.470475862716636,10.521405973611301,0.0872335829378333,0.0015341497455050761,0.08588886610527828,0.08857829977038834,0.08836210487838819
4,3.2560212760010403,5.809095009066971,-1.8357814397970813,8.347823991799162,7.529196819462531,2.825235451584958,5.031340920235305,-1.5848482743266066,7.235319177496523,6.526294383760993,0.08749943365448185,0.0007073044860276658,0.08687946532942765,0.08811940197953604,0.08801972747421738
7,4.527960772578509,5.722408677928746,-0.4878594200170717,9.543780965174092,8.73736977243999,4.0421290905130505,5.167505219217096,-0.4873057126778633,8.571563893703965,7.843350604191608,0.08817989697106253,0.0014473773653626819,0.08691123808560179,0.08944855585652327,0.08924458907029209
