Tau,Average Total Infections,Infections Std Dev,Infections Conf Interval Lower,Infections Conf Interval Upper,"Upper Confidence Bound, Total Infections",Average Total Detected Cases,Detected Cases Std Dev,Detected Cases Conf Interval Lower,Detected Cases Conf Interval Upper,"Upper Confidence Bound, Total Detected Cases",Average Percent Detected Cases,Percent Detected Cases Std Dev,Percent Detected Conf Interval Lower,Percent Detected Conf Interval Upper,"Upper Confidence Bound, Percent Detected Cases"
1.0,2966.24369424993,4270.645782706247,1094.585048569758,4837.902339930102,4536.989144699913,1708.0786516133824,2457.1010547732744,631.2264221217479,2784.9308811050173,2611.8015308813697,0.05871434808850054,0.0030015344587504835,0.057398891783794474,0.0600298043932066,0.059818313819993155
4.0,2019.9272406859598,1840.221789625643,1213.4293015524338,2826.4251798194855,2696.76164722429,1243.8055782343906,1140.953632608642,743.7697898672873,1743.841366601494,1663.4488403498326,0.06154071318217416,0.0021908060248184424,0.060580567750781994,0.06250085861356633,0.06234649262898217
7.0,4400.140753288253,4494.638381819334,2430.314826585604,6369.966679990902,6053.270783001655,2658.35394746206,2717.5221247166633,1467.3692490472004,3849.3386458769196,3657.8598140410863,0.06089492868534942,0.003345142281221479,0.05942888237988622,0.06236097499081261,0.062125273529357275
10.0,6949.665755656193,7480.153676234129,3671.404103558196,10227.92740775419,9700.869660974238,4180.983552006901,4423.108647642885,2242.506337467806,6119.460766545995,5807.804913138018,0.06086304678084738,0.002808878514777104,0.05963202411487567,0.06209406944681908,0.061896153569010216
13.0,10017.437461082709,7428.3196617236945,6761.892650028196,13272.982272137222,12749.576792419808,5990.401357572815,4437.7032519389495,4045.5278932155725,7935.274821930057,7622.590620765018,0.059962839820269946,0.0027564753817885222,0.058754783417928905,0.06117089622261099,0.06097667271241817
