Tau,Average Total Infections,Infections Std Dev,Infections Conf Interval Lower,Infections Conf Interval Upper,"Upper Confidence Bound, Total Infections",Average Total Detected Cases,Detected Cases Std Dev,Detected Cases Conf Interval Lower,Detected Cases Conf Interval Upper,"Upper Confidence Bound, Total Detected Cases",Average Percent Detected Cases,Percent Detected Cases Std Dev,Percent Detected Conf Interval Lower,Percent Detected Conf Interval Upper,"Upper Confidence Bound, Percent Detected Cases"
1.0,1477.646511823137,2784.741897408302,257.20199043994944,2698.0910332063245,2501.875841200983,863.996190993633,1629.9786657904788,149.63967038148448,1578.3527116057817,1463.5030814945148,0.058859579256029484,0.002219603056604162,0.05788681320090638,0.05983234531115259,0.05967595026415289
4.0,3538.3025526179213,4354.6929590617765,1629.8092846640313,5446.795820571811,5139.960592545171,2189.7924061487006,2731.399994906382,992.7255747155989,3386.859237581803,3194.402559660328,0.06252872024567227,0.0025291522372634986,0.06142029077341669,0.06363714971792785,0.06345894358244819
7.0,6306.527751911551,6185.6397161614,3595.6014323609525,9017.454071462149,8581.608837219055,3774.94943968279,3586.259229581975,2203.2309141430865,5346.667965222493,5093.977206352432,0.06059247150008898,0.0031561952224075395,0.059209233372638816,0.061975709627539136,0.061753321530406184
10.0,9665.93444746741,6504.365597325508,6815.322918364076,12516.545976570746,12058.24305602362,5889.266676466076,3938.644865120313,4163.1111746639945,7615.422178268158,7337.902039267239,0.06127943830733428,0.0023303241609283674,0.06025814748038232,0.06230072913428624,0.062136532587706184
13.0,11504.455069321013,6972.844612864974,8448.527331763944,14560.38280687808,14069.070471681038,6957.688095328558,4271.645891186957,5085.591140835205,8829.78504982191,8528.801386130084,0.060476499379766305,0.002926492282836682,0.059193931154401414,0.061759067605131196,0.061552864565017
