Tau,Average Total Infections,Infections Std Dev,Infections Conf Interval Lower,Infections Conf Interval Upper,"Upper Confidence Bound, Total Infections",Average Total Detected Cases,Detected Cases Std Dev,Detected Cases Conf Interval Lower,Detected Cases Conf Interval Upper,"Upper Confidence Bound, Total Detected Cases",Average Percent Detected Cases,Percent Detected Cases Std Dev,Percent Detected Conf Interval Lower,Percent Detected Conf Interval Upper,"Upper Confidence Bound, Percent Detected Cases"
1.0,1547.6914856326534,2204.1362821363764,581.7039187350547,2513.679052530252,2358.373807111338,918.2107401561755,1307.3247422564482,345.2609379355523,1491.1605423767987,1399.0453716480797,0.05965972422930478,0.0015786218405552535,0.058967875416158194,0.06035157304245137,0.06024034205625596
4.0,2408.47970515915,2652.805891373302,1245.8576253776255,3571.1017849406753,3384.182911843978,1473.6208206818135,1581.964382101689,780.3071010310963,2166.9345403325306,2055.468035925576,0.06155881172256829,0.0030972572117681247,0.06020140384252923,0.06291621960260735,0.06269798432591525
7.0,2789.443190127422,3457.2593218417055,1274.2603280210417,4304.6260522338025,4061.024732384818,1773.439258830184,2375.5150845423254,732.3430002896681,2814.5355173706994,2647.1547813467046,0.06144345784281563,0.0030769136052102167,0.06009496577762888,0.0627919499080024,0.06257514805846938
10.0,4469.803063710908,4152.252890458649,2650.031437380274,6289.574690041542,5997.003554844297,2716.2639766315415,2490.6506248079772,1624.7082699588723,3807.819683304211,3632.326402932429,0.061290806918468416,0.002163058565866038,0.060342822123684,0.06223879171325283,0.06208638083732382
13.0,8284.147654263825,5372.977007947611,5929.379925530926,10638.915382996725,10260.331027931035,4988.2396879354455,3242.17961928158,3567.317929486293,6409.161446384598,6180.7148183128165,0.060472183025761996,0.0026165508957096536,0.05932545010643432,0.06161891594508967,0.06143455162864397
